SDSS_NAME,Redshift,flux_u,flux_u_err,flux_g,flux_g_err,flux_r,flux_r_err,flux_i,flux_i_err,flux_z,flux_z_err
000013.80-005446.8,1.8361,2.786378591074666e-05,1.6179581710488192e-06,3.4260961186710805e-05,1.073082589061788e-06,3.819908446403055e-05,9.501788966669196e-07,5.721548580743164e-05,1.5813348252235136e-06,6.194576201281254e-05,4.294555244589193e-06
